{
  "src": [
    "audio.webm",
    "audio.mp3"
  ],
  "sprite": {
    "hat": [
      0,
      755.2380952380953
    ],
    "kick": [
      2000,
      161.13378684807245
    ],
    "samp1": [
      4000,
      6000
    ],
    "samp2": [
      11000,
      6000
    ],
    "samp3": [
      18000,
      6000
    ],
    "snare": [
      25000,
      348.7981859410425
    ]
  }
}